{
    "loss": 5.758510112762451,
    "accuracy": 0.7708333134651184
}