{
    "loss": 104.04608154296875,
    "accuracy": 0.6736111044883728
}