{
    "loss": 27.591392517089844,
    "accuracy": 0.6736111044883728
}